[{
        "index": 0,
        "Access_To_Drinking_Water": 0.8924124276468771,
        "Country": "Algeria",
        "Alcohol": "",
        "bmi": 0.9585837180507669,
        "CO2_emissions": 0.4697349943898997,
        "Fertilizer_Application": 0.11170977392059736,
        "Population": 0.9996643013077031,
        "Sugar": "",
        "Tobacco": "",
        "Urban_Majority": 0.9931974243621388,
        "Work_Hours_Per_Week": ""
    },
    {
        "index": 1,
        "Access_To_Drinking_Water": "",
        "Country": "Andorra",
        "Alcohol": "",
        "bmi": "",
        "CO2_emissions": "",
        "Fertilizer_Application": "",
        "Population": "",
        "Sugar": "",
        "Tobacco": "",
        "Urban_Majority": 0.2017800907252542,
        "Work_Hours_Per_Week": ""
    },
    {
        "index": 2,
        "Access_To_Drinking_Water": "",
        "Country": "Angola",
        "Alcohol": "",
        "bmi": 0.9644141470203954,
        "CO2_emissions": 0.31847910161017373,
        "Fertilizer_Application": 0.1601670765969942,
        "Population": 0.9999115643052265,
        "Sugar": "",
        "Tobacco": "",
        "Urban_Majority": 0.9990604851914856,
        "Work_Hours_Per_Week": ""
    },
    {
        "index": 3,
        "Access_To_Drinking_Water": "",
        "Country": "Antigua and Barbuda",
        "Alcohol": "",
        "bmi": 0.9961850221638376,
        "CO2_emissions": 0.2191136652127668,
        "Fertilizer_Application": 0.6915669797175386,
        "Population": "",
        "Sugar": "",
        "Tobacco": "",
        "Urban_Majority": 0.04153858559186246,
        "Work_Hours_Per_Week": ""
    },
    {
        "index": 4,
        "Access_To_Drinking_Water": 0.9935019755773215,
        "Country": "Argentina",
        "Alcohol": "",
        "bmi": 0.9837769434987481,
        "CO2_emissions": 0.4555676874262406,
        "Fertilizer_Application": 0.010860050470496097,
        "Population": 0.9998657697981438,
        "Sugar": "",
        "Tobacco": "",
        "Urban_Majority": 0.999400783274664,
        "Work_Hours_Per_Week": ""
    },
    {
        "index": 5,
        "Access_To_Drinking_Water": "",
        "Country": "Australia",
        "Alcohol": 0.1346641563319029,
        "bmi": 0.8561648511147893,
        "CO2_emissions": 0.7868840556410543,
        "Fertilizer_Application": 0.47755123483663753,
        "Population": 0.9973098133973105,
        "Sugar": 0.010629602947105707,
        "Tobacco": 0.8004975474867659,
        "Urban_Majority": 0.3419652806072474,
        "Work_Hours_Per_Week": 0.6660441389939487
    },
    {
        "index": 6,
        "Access_To_Drinking_Water": "",
        "Country": "Austria",
        "Alcohol": 0.11241435710370701,
        "bmi": "",
        "CO2_emissions": 0.40612337331439446,
        "Fertilizer_Application": 0.6270330349032154,
        "Population": 0.6388582489672425,
        "Sugar": 0.06548935131873959,
        "Tobacco": "",
        "Urban_Majority": 0.04455857870254945,
        "Work_Hours_Per_Week": ""
    },
    {
        "index": 7,
        "Access_To_Drinking_Water": 0.9400978101725657,
        "Country": "Azerbaijan",
        "Alcohol": "",
        "bmi": 0.9604110912415851,
        "CO2_emissions": "",
        "Fertilizer_Application": 0.478849978619815,
        "Population": 0.9950258551057151,
        "Sugar": "",
        "Tobacco": "",
        "Urban_Majority": 0.28625502113542944,
        "Work_Hours_Per_Week": ""
    },
    {
        "index": 8,
        "Access_To_Drinking_Water": "",
        "Country": "Bahrain",
        "Alcohol": "",
        "bmi": "",
        "CO2_emissions": 0.2989794980103389,
        "Fertilizer_Application": "",
        "Population": "",
        "Sugar": "",
        "Tobacco": "",
        "Urban_Majority": 0.7332153759930757,
        "Work_Hours_Per_Week": ""
    },
    {
        "index": 9,
        "Access_To_Drinking_Water": 0.9992601554936491,
        "Country": "Bangladesh",
        "Alcohol": "",
        "bmi": 0.9938527695823273,
        "CO2_emissions": "",
        "Fertilizer_Application": 0.31185990729321716,
        "Population": 0.9996762008466494,
        "Sugar": "",
        "Tobacco": "",
        "Urban_Majority": 0.9967918044533599,
        "Work_Hours_Per_Week": ""
    },
    {
        "index": 10,
        "Access_To_Drinking_Water": 0.9514916736291161,
        "Country": "Barbados",
        "Alcohol": "",
        "bmi": 0.9206389188992242,
        "CO2_emissions": 0.4988073406062595,
        "Fertilizer_Application": 0.06894765676229495,
        "Population": "",
        "Sugar": "",
        "Tobacco": "",
        "Urban_Majority": 0.017289846137307684,
        "Work_Hours_Per_Week": ""
    },
    {
        "index": 11,
        "Access_To_Drinking_Water": "",
        "Country": "Belarus",
        "Alcohol": "",
        "bmi": 0.9096941937788011,
        "CO2_emissions": "",
        "Fertilizer_Application": 0.823296155186133,
        "Population": 0.07002564909667493,
        "Sugar": "",
        "Tobacco": "",
        "Urban_Majority": 0.9984889254401041,
        "Work_Hours_Per_Week": ""
    },
    {
        "index": 12,
        "Access_To_Drinking_Water": "",
        "Country": "Belgium",
        "Alcohol": 0.3017441466816689,
        "bmi": "",
        "CO2_emissions": 0.13903323163284825,
        "Fertilizer_Application": 0.42080847914568026,
        "Population": 0.8597136491465129,
        "Sugar": "",
        "Tobacco": "",
        "Urban_Majority": 0.9979138804286412,
        "Work_Hours_Per_Week": 0.8474251235387609
    },
    {
        "index": 13,
        "Access_To_Drinking_Water": 0.8022113750011427,
        "Country": "Belize",
        "Alcohol": "",
        "bmi": 0.9773537365409682,
        "CO2_emissions": 0.2944446857230053,
        "Fertilizer_Application": 0.43417822389205124,
        "Population": 0.9980306453701295,
        "Sugar": "",
        "Tobacco": "",
        "Urban_Majority": 0.983274308981633,
        "Work_Hours_Per_Week": ""
    },
    {
        "index": 14,
        "Access_To_Drinking_Water": 0.976677723817567,
        "Country": "Benin",
        "Alcohol": "",
        "bmi": 0.9642841889389009,
        "CO2_emissions": 0.5171650537145414,
        "Fertilizer_Application": 0.32905288026419005,
        "Population": 0.9999088875818669,
        "Sugar": "",
        "Tobacco": "",
        "Urban_Majority": 0.9983858209218827,
        "Work_Hours_Per_Week": ""
    },
    {
        "index": 15,
        "Access_To_Drinking_Water": 0.95584330116996,
        "Country": "Bhutan",
        "Alcohol": "",
        "bmi": 0.9902852502227374,
        "CO2_emissions": "",
        "Fertilizer_Application": 0.3501756661376274,
        "Population": 0.9076727554094609,
        "Sugar": "",
        "Tobacco": "",
        "Urban_Majority": 0.9993028501877185,
        "Work_Hours_Per_Week": ""
    },
    {
        "index": 16,
        "Access_To_Drinking_Water": "",
        "Country": "Bosnia and Herzegovina",
        "Alcohol": "",
        "bmi": 0.9132363816361481,
        "CO2_emissions": "",
        "Fertilizer_Application": 0.07200615598580529,
        "Population": 0.19903383364734373,
        "Sugar": "",
        "Tobacco": "",
        "Urban_Majority": 0.9986434463201261,
        "Work_Hours_Per_Week": ""
    },
    {
        "index": 17,
        "Access_To_Drinking_Water": 0.895965964803784,
        "Country": "Botswana",
        "Alcohol": "",
        "bmi": 0.8521778935943742,
        "CO2_emissions": "",
        "Fertilizer_Application": "",
        "Population": 0.9965335060695205,
        "Sugar": "",
        "Tobacco": "",
        "Urban_Majority": 0.9890892018972207,
        "Work_Hours_Per_Week": ""
    },
    {
        "index": 18,
        "Access_To_Drinking_Water": 0.9729324474283606,
        "Country": "Brazil",
        "Alcohol": "",
        "bmi": 0.9796391284660555,
        "CO2_emissions": 0.7477348674993075,
        "Fertilizer_Application": 0.185969027216374,
        "Population": 0.999937815701845,
        "Sugar": "",
        "Tobacco": "",
        "Urban_Majority": 0.9993632949760399,
        "Work_Hours_Per_Week": ""
    },
    {
        "index": 19,
        "Access_To_Drinking_Water": "",
        "Country": "Bulgaria",
        "Alcohol": "",
        "bmi": 0.9028316972753776,
        "CO2_emissions": 0.16883746784652517,
        "Fertilizer_Application": 0.5285646473117839,
        "Population": 0.3450970621706666,
        "Sugar": "",
        "Tobacco": "",
        "Urban_Majority": 0.9985247591210382,
        "Work_Hours_Per_Week": ""
    },
    {
        "index": 20,
        "Access_To_Drinking_Water": 0.8471951760551523,
        "Country": "Burkina Faso",
        "Alcohol": "",
        "bmi": 0.9616103238612882,
        "CO2_emissions": 0.5641127702869553,
        "Fertilizer_Application": 0.31342782794306645,
        "Population": 0.9999135654517403,
        "Sugar": "",
        "Tobacco": "",
        "Urban_Majority": 0.996147284050387,
        "Work_Hours_Per_Week": ""
    },
    {
        "index": 21,
        "Access_To_Drinking_Water": 0.9897251441208605,
        "Country": "Burundi",
        "Alcohol": "",
        "bmi": 0.9621025779254301,
        "CO2_emissions": 0.3993360382912508,
        "Fertilizer_Application": 0.5474920328991422,
        "Population": 0.9981070506086851,
        "Sugar": "",
        "Tobacco": "",
        "Urban_Majority": 0.9987408556575533,
        "Work_Hours_Per_Week": ""
    },
    {
        "index": 22,
        "Access_To_Drinking_Water": 0.9901904243506418,
        "Country": "Cambodia",
        "Alcohol": "",
        "bmi": 0.9872425697486655,
        "CO2_emissions": 0.5043705537651647,
        "Fertilizer_Application": 0.5954548247103156,
        "Population": 0.7305148230369727,
        "Sugar": "",
        "Tobacco": "",
        "Urban_Majority": 0.8619490982767337,
        "Work_Hours_Per_Week": ""
    },
    {
        "index": 23,
        "Access_To_Drinking_Water": 0.952885187797154,
        "Country": "Cameroon",
        "Alcohol": "",
        "bmi": 0.938385258335224,
        "CO2_emissions": 0.23421605230633655,
        "Fertilizer_Application": 0.3372172815113166,
        "Population": 0.9999528868818315,
        "Sugar": "",
        "Tobacco": "",
        "Urban_Majority": 0.998764752248386,
        "Work_Hours_Per_Week": ""
    },
    {
        "index": 24,
        "Access_To_Drinking_Water": "",
        "Country": "Canada",
        "Alcohol": 0.1607633334799949,
        "bmi": "",
        "CO2_emissions": 0.1426703494368881,
        "Fertilizer_Application": 0.15083507304293922,
        "Population": 0.9927567087976413,
        "Sugar": 0.018896002830219406,
        "Tobacco": "",
        "Urban_Majority": 0.8157150719037646,
        "Work_Hours_Per_Week": 0.5092111279012226
    },
    {
        "index": 25,
        "Access_To_Drinking_Water": 0.8888969518825911,
        "Country": "Central African Republic",
        "Alcohol": "",
        "bmi": 0.9597928173658157,
        "CO2_emissions": 0.20351255052505382,
        "Fertilizer_Application": "",
        "Population": 0.9865685447706807,
        "Sugar": "",
        "Tobacco": "",
        "Urban_Majority": 0.9959464139406434,
        "Work_Hours_Per_Week": ""
    },
    {
        "index": 26,
        "Access_To_Drinking_Water": 0.788092826304293,
        "Country": "Chad",
        "Alcohol": "",
        "bmi": 0.9321515287475356,
        "CO2_emissions": 0.4336775556211982,
        "Fertilizer_Application": "",
        "Population": 0.999638468403924,
        "Sugar": "",
        "Tobacco": "",
        "Urban_Majority": 0.9904043439937616,
        "Work_Hours_Per_Week": ""
    },
    {
        "index": 27,
        "Access_To_Drinking_Water": 0.8984188409825308,
        "Country": "Chile",
        "Alcohol": 0.1003131626873651,
        "bmi": 0.9696006834779501,
        "CO2_emissions": 0.39389104374953715,
        "Fertilizer_Application": 0.0987173719498628,
        "Population": 0.9990005917015772,
        "Sugar": 0.019742449888803686,
        "Tobacco": "",
        "Urban_Majority": 0.9924301271782179,
        "Work_Hours_Per_Week": ""
    },
    {
        "index": 28,
        "Access_To_Drinking_Water": 0.9994166536824668,
        "Country": "China",
        "Alcohol": "",
        "bmi": 0.9552124001775478,
        "CO2_emissions": 0.6325764178653824,
        "Fertilizer_Application": 0.9609573422362165,
        "Population": 0.9992167595423519,
        "Sugar": "",
        "Tobacco": "",
        "Urban_Majority": 0.7258030262896704,
        "Work_Hours_Per_Week": ""
    },
    {
        "index": 29,
        "Access_To_Drinking_Water": 0.9643499855781563,
        "Country": "Colombia",
        "Alcohol": "",
        "bmi": 0.9596994599719524,
        "CO2_emissions": 0.5035281985495859,
        "Fertilizer_Application": 0.0686119274627031,
        "Population": 0.9979688728662294,
        "Sugar": "",
        "Tobacco": "",
        "Urban_Majority": 0.9994406775934785,
        "Work_Hours_Per_Week": ""
    },
    {
        "index": 30,
        "Access_To_Drinking_Water": "",
        "Country": "Comoros",
        "Alcohol": "",
        "bmi": 0.9786399477367025,
        "CO2_emissions": "",
        "Fertilizer_Application": "",
        "Population": 0.9998008597183554,
        "Sugar": "",
        "Tobacco": "",
        "Urban_Majority": 0.5217832627398266,
        "Work_Hours_Per_Week": ""
    },
    {
        "index": 31,
        "Access_To_Drinking_Water": 0.9844885826306969,
        "Country": "Costa Rica",
        "Alcohol": "",
        "bmi": 0.9634715865743171,
        "CO2_emissions": 0.27944731423567637,
        "Fertilizer_Application": 0.23527804908819794,
        "Population": 0.9997596898775538,
        "Sugar": "",
        "Tobacco": "",
        "Urban_Majority": 0.993658068466551,
        "Work_Hours_Per_Week": ""
    },
    {
        "index": 32,
        "Access_To_Drinking_Water": "",
        "Country": "Croatia",
        "Alcohol": "",
        "bmi": 0.9706450659100175,
        "CO2_emissions": "",
        "Fertilizer_Application": 0.670660847086526,
        "Population": 0.10452783726286721,
        "Sugar": "",
        "Tobacco": "",
        "Urban_Majority": 0.9977530733521816,
        "Work_Hours_Per_Week": ""
    },
    {
        "index": 33,
        "Access_To_Drinking_Water": "",
        "Country": "Cyprus",
        "Alcohol": "",
        "bmi": "",
        "CO2_emissions": 0.7329441365980572,
        "Fertilizer_Application": 0.17792675489692203,
        "Population": 0.9957711757916162,
        "Sugar": "",
        "Tobacco": "",
        "Urban_Majority": 0.7015191252372046,
        "Work_Hours_Per_Week": ""
    },
    {
        "index": 34,
        "Access_To_Drinking_Water": "",
        "Country": "Denmark",
        "Alcohol": 0.021293992938008648,
        "bmi": "",
        "CO2_emissions": 0.1031257719515871,
        "Fertilizer_Application": 0.2260242000438379,
        "Population": 0.794804073297445,
        "Sugar": 0.03482724365449881,
        "Tobacco": 0.30953496214157383,
        "Urban_Majority": 0.9920765591721588,
        "Work_Hours_Per_Week": 0.7508373958689877
    },
    {
        "index": 35,
        "Access_To_Drinking_Water": 0.8443417320775221,
        "Country": "Djibouti",
        "Alcohol": "",
        "bmi": 0.828035335017416,
        "CO2_emissions": 0.3724247809092062,
        "Fertilizer_Application": "",
        "Population": 0.9884894367051965,
        "Sugar": "",
        "Tobacco": "",
        "Urban_Majority": 0.9941180002328937,
        "Work_Hours_Per_Week": ""
    },
    {
        "index": 36,
        "Access_To_Drinking_Water": "",
        "Country": "Dominican Republic",
        "Alcohol": "",
        "bmi": 0.996663726068683,
        "CO2_emissions": 0.2836349452492741,
        "Fertilizer_Application": 0.006366179146294171,
        "Population": 0.9999891683766571,
        "Sugar": "",
        "Tobacco": "",
        "Urban_Majority": 0.9959639487111075,
        "Work_Hours_Per_Week": ""
    },
    {
        "index": 37,
        "Access_To_Drinking_Water": 0.9706261669736567,
        "Country": "Ecuador",
        "Alcohol": "",
        "bmi": 0.9823322467193328,
        "CO2_emissions": 0.5763977917661274,
        "Fertilizer_Application": 0.3815088805832146,
        "Population": 0.999672711669673,
        "Sugar": "",
        "Tobacco": "",
        "Urban_Majority": 0.9981594987848686,
        "Work_Hours_Per_Week": ""
    },
    {
        "index": 38,
        "Access_To_Drinking_Water": 0.9869814384468177,
        "Country": "Egypt",
        "Alcohol": "",
        "bmi": 0.9823308502677095,
        "CO2_emissions": "",
        "Fertilizer_Application": 0.4309270291789277,
        "Population": "",
        "Sugar": "",
        "Tobacco": "",
        "Urban_Majority": 0.48572296085993616,
        "Work_Hours_Per_Week": ""
    },
    {
        "index": 39,
        "Access_To_Drinking_Water": 0.9991795999517515,
        "Country": "El Salvador",
        "Alcohol": "",
        "bmi": 0.9916479487770169,
        "CO2_emissions": 0.3921327820924892,
        "Fertilizer_Application": 0.7472621931069698,
        "Population": 0.9989727733033201,
        "Sugar": "",
        "Tobacco": "",
        "Urban_Majority": 0.9942230467824335,
        "Work_Hours_Per_Week": ""
    },
    {
        "index": 40,
        "Access_To_Drinking_Water": 0.8696021369897017,
        "Country": "Eritrea",
        "Alcohol": "",
        "bmi": 0.8332209011750387,
        "CO2_emissions": "",
        "Fertilizer_Application": "",
        "Population": "",
        "Sugar": "",
        "Tobacco": "",
        "Urban_Majority": 0.9973991414791393,
        "Work_Hours_Per_Week": ""
    },
    {
        "index": 41,
        "Access_To_Drinking_Water": "",
        "Country": "Estonia",
        "Alcohol": "",
        "bmi": 0.8592196550663131,
        "CO2_emissions": "",
        "Fertilizer_Application": 0.18113618592456576,
        "Population": 0.13087177737802153,
        "Sugar": "",
        "Tobacco": "",
        "Urban_Majority": 0.27846885691517287,
        "Work_Hours_Per_Week": ""
    },
    {
        "index": 42,
        "Access_To_Drinking_Water": 0.9929633443692921,
        "Country": "Ethiopia",
        "Alcohol": "",
        "bmi": 0.8708498074267534,
        "CO2_emissions": 0.47422647256906264,
        "Fertilizer_Application": 0.3373347456982352,
        "Population": 0.998783734127832,
        "Sugar": "",
        "Tobacco": "",
        "Urban_Majority": 0.9990292699429612,
        "Work_Hours_Per_Week": ""
    },
    {
        "index": 43,
        "Access_To_Drinking_Water": 0.866002308410205,
        "Country": "Fiji",
        "Alcohol": "",
        "bmi": 0.9887100750127201,
        "CO2_emissions": 0.04400953792603936,
        "Fertilizer_Application": 0.13758542643665678,
        "Population": 0.964889884968545,
        "Sugar": "",
        "Tobacco": "",
        "Urban_Majority": 0.9956312150552074,
        "Work_Hours_Per_Week": ""
    },
    {
        "index": 44,
        "Access_To_Drinking_Water": "",
        "Country": "Finland",
        "Alcohol": 0.4863482803837534,
        "bmi": "",
        "CO2_emissions": 0.3450287513741472,
        "Fertilizer_Application": 0.19050965410682802,
        "Population": 0.9894939608831225,
        "Sugar": 0.06261591946891794,
        "Tobacco": 0.056993730867895116,
        "Urban_Majority": 0.9970291692744964,
        "Work_Hours_Per_Week": ""
    },
    {
        "index": 45,
        "Access_To_Drinking_Water": "",
        "Country": "France",
        "Alcohol": 0.5494184601920513,
        "bmi": "",
        "CO2_emissions": 0.08938366500476147,
        "Fertilizer_Application": 0.20307119444078883,
        "Population": 0.944408304691664,
        "Sugar": 0.10286341936093624,
        "Tobacco": 0.48180969054641476,
        "Urban_Majority": 0.9950366725112041,
        "Work_Hours_Per_Week": 0.8265302416661464
    },
    {
        "index": 46,
        "Access_To_Drinking_Water": 0.8073179180164513,
        "Country": "Gambia",
        "Alcohol": "",
        "bmi": 0.991772489360368,
        "CO2_emissions": "",
        "Fertilizer_Application": "",
        "Population": "",
        "Sugar": "",
        "Tobacco": "",
        "Urban_Majority": 0.9975622608327789,
        "Work_Hours_Per_Week": ""
    },
    {
        "index": 47,
        "Access_To_Drinking_Water": 0.8041587892531987,
        "Country": "Georgia",
        "Alcohol": "",
        "bmi": 0.9835063213646805,
        "CO2_emissions": "",
        "Fertilizer_Application": 0.6739363470715589,
        "Population": 0.0011525340436206292,
        "Sugar": "",
        "Tobacco": "",
        "Urban_Majority": 0.5705922757615887,
        "Work_Hours_Per_Week": ""
    },
    {
        "index": 48,
        "Access_To_Drinking_Water": "",
        "Country": "Germany",
        "Alcohol": 0.013386939251939083,
        "bmi": 0.841010563717444,
        "CO2_emissions": "",
        "Fertilizer_Application": 0.13016240870333126,
        "Population": 0.22245093976722796,
        "Sugar": 0.10848742051900581,
        "Tobacco": "",
        "Urban_Majority": 0.839636201378459,
        "Work_Hours_Per_Week": 0.7191053622411308
    },
    {
        "index": 49,
        "Access_To_Drinking_Water": 0.9998474332918291,
        "Country": "Ghana",
        "Alcohol": "",
        "bmi": 0.9382881783245988,
        "CO2_emissions": 0.5042870229578945,
        "Fertilizer_Application": 0.15143843808648433,
        "Population": 0.9996344615255676,
        "Sugar": "",
        "Tobacco": "",
        "Urban_Majority": 0.9974717358324866,
        "Work_Hours_Per_Week": ""
    },
    {
        "index": 50,
        "Access_To_Drinking_Water": "",
        "Country": "Greece",
        "Alcohol": 0.15757853255163445,
        "bmi": "",
        "CO2_emissions": 0.8718806862142633,
        "Fertilizer_Application": 0.45998039620541087,
        "Population": 0.96891900722451,
        "Sugar": 0.2937019010495976,
        "Tobacco": "",
        "Urban_Majority": 0.9965548347141009,
        "Work_Hours_Per_Week": ""
    },
    {
        "index": 51,
        "Access_To_Drinking_Water": "",
        "Country": "Grenada",
        "Alcohol": "",
        "bmi": 0.9894841902623945,
        "CO2_emissions": 0.03079836109110098,
        "Fertilizer_Application": "",
        "Population": "",
        "Sugar": "",
        "Tobacco": "",
        "Urban_Majority": 0.7435907058660883,
        "Work_Hours_Per_Week": ""
    },
    {
        "index": 52,
        "Access_To_Drinking_Water": 0.9137386628596912,
        "Country": "Guatemala",
        "Alcohol": "",
        "bmi": 0.9924496407716982,
        "CO2_emissions": 0.6288992728190226,
        "Fertilizer_Application": 0.8409796444104598,
        "Population": 0.9999455526164577,
        "Sugar": "",
        "Tobacco": "",
        "Urban_Majority": 0.9990918363547764,
        "Work_Hours_Per_Week": ""
    },
    {
        "index": 53,
        "Access_To_Drinking_Water": 0.9776120026418063,
        "Country": "Guinea",
        "Alcohol": "",
        "bmi": 0.935599661204288,
        "CO2_emissions": 0.5066134253659231,
        "Fertilizer_Application": 0.17091751516574474,
        "Population": 0.9994524423105124,
        "Sugar": "",
        "Tobacco": "",
        "Urban_Majority": 0.9981189337019043,
        "Work_Hours_Per_Week": ""
    },
    {
        "index": 54,
        "Access_To_Drinking_Water": 0.9999472092062717,
        "Country": "Guinea-Bissau",
        "Alcohol": "",
        "bmi": 0.9419915045082203,
        "CO2_emissions": 0.4162281577227738,
        "Fertilizer_Application": "",
        "Population": 0.9882641090652624,
        "Sugar": "",
        "Tobacco": "",
        "Urban_Majority": 0.9939600656928331,
        "Work_Hours_Per_Week": ""
    },
    {
        "index": 55,
        "Access_To_Drinking_Water": 0.997938753055047,
        "Country": "Guyana",
        "Alcohol": "",
        "bmi": 0.9902056537787147,
        "CO2_emissions": 0.10522509585082358,
        "Fertilizer_Application": 0.28543461485943583,
        "Population": 0.06965209724904228,
        "Sugar": "",
        "Tobacco": "",
        "Urban_Majority": 0.025318813959520216,
        "Work_Hours_Per_Week": ""
    },
    {
        "index": 56,
        "Access_To_Drinking_Water": 0.7066263138225892,
        "Country": "Haiti",
        "Alcohol": "",
        "bmi": 0.9752662361019067,
        "CO2_emissions": 0.4906623702102113,
        "Fertilizer_Application": "",
        "Population": 0.9997980416960415,
        "Sugar": "",
        "Tobacco": "",
        "Urban_Majority": 0.9856131958709161,
        "Work_Hours_Per_Week": ""
    },
    {
        "index": 57,
        "Access_To_Drinking_Water": 0.999416718288154,
        "Country": "Honduras",
        "Alcohol": "",
        "bmi": 0.9830913380381062,
        "CO2_emissions": 0.6378114109528839,
        "Fertilizer_Application": 0.5516235269574642,
        "Population": 0.9999264162270789,
        "Sugar": "",
        "Tobacco": "",
        "Urban_Majority": 0.99978118906621,
        "Work_Hours_Per_Week": ""
    },
    {
        "index": 58,
        "Access_To_Drinking_Water": "",
        "Country": "Hungary",
        "Alcohol": 0.26696912708401455,
        "bmi": 0.924463642600187,
        "CO2_emissions": 0.07414066807985818,
        "Fertilizer_Application": 0.17255261968582053,
        "Population": 0.6794161603021746,
        "Sugar": 0.054247968407870675,
        "Tobacco": 0.23141441139946062,
        "Urban_Majority": 0.6516466643652736,
        "Work_Hours_Per_Week": ""
    },
    {
        "index": 59,
        "Access_To_Drinking_Water": "",
        "Country": "Iceland",
        "Alcohol": 0.36270374816729806,
        "bmi": 0.831629781122123,
        "CO2_emissions": 0.05664446328775852,
        "Fertilizer_Application": 0.764990641124166,
        "Population": 0.9579927131997635,
        "Sugar": 0.043922394812450326,
        "Tobacco": 0.489338243229793,
        "Urban_Majority": 0.9942525446749606,
        "Work_Hours_Per_Week": ""
    },
    {
        "index": 60,
        "Access_To_Drinking_Water": 0.972616078525452,
        "Country": "India",
        "Alcohol": "",
        "bmi": 0.9528636094644757,
        "CO2_emissions": 0.9578590093014004,
        "Fertilizer_Application": 0.840920677540961,
        "Population": 0.9999142136168964,
        "Sugar": "",
        "Tobacco": "",
        "Urban_Majority": 0.9971189189720181,
        "Work_Hours_Per_Week": ""
    },
    {
        "index": 61,
        "Access_To_Drinking_Water": 0.9990099863178362,
        "Country": "Indonesia",
        "Alcohol": "",
        "bmi": 0.9895182116481149,
        "CO2_emissions": 0.08257117546520619,
        "Fertilizer_Application": 0.7707982766934462,
        "Population": 0.9998692443409224,
        "Sugar": "",
        "Tobacco": "",
        "Urban_Majority": 0.999078625871972,
        "Work_Hours_Per_Week": ""
    },
    {
        "index": 62,
        "Access_To_Drinking_Water": 0.6406531441818616,
        "Country": "Iraq",
        "Alcohol": "",
        "bmi": 0.9795007824241214,
        "CO2_emissions": 0.47082652779319595,
        "Fertilizer_Application": "",
        "Population": 0.9968310585155545,
        "Sugar": "",
        "Tobacco": "",
        "Urban_Majority": 0.6520188197618066,
        "Work_Hours_Per_Week": ""
    },
    {
        "index": 63,
        "Access_To_Drinking_Water": "",
        "Country": "Ireland",
        "Alcohol": 0.2722146487191221,
        "bmi": 0.9609353280961404,
        "CO2_emissions": 0.5709571970854218,
        "Fertilizer_Application": 0.5481061704905721,
        "Population": 0.789984430996569,
        "Sugar": 0.029758454381577173,
        "Tobacco": "",
        "Urban_Majority": 0.9925895704982414,
        "Work_Hours_Per_Week": 0.8891800252816482
    },
    {
        "index": 64,
        "Access_To_Drinking_Water": "",
        "Country": "Israel",
        "Alcohol": 0.07904551939956572,
        "bmi": 0.9420688064896405,
        "CO2_emissions": 0.3413155505404505,
        "Fertilizer_Application": 0.35900804410657766,
        "Population": 0.9962881071619646,
        "Sugar": 0.21328813531082844,
        "Tobacco": "",
        "Urban_Majority": "",
        "Work_Hours_Per_Week": ""
    },
    {
        "index": 65,
        "Access_To_Drinking_Water": "",
        "Country": "Italy",
        "Alcohol": 0.15399847800704772,
        "bmi": 0.6284482965676553,
        "CO2_emissions": 0.5999471283459274,
        "Fertilizer_Application": 0.22551407659152534,
        "Population": 0.9627242779809525,
        "Sugar": 0.26284459259023923,
        "Tobacco": "",
        "Urban_Majority": 0.7212609796903225,
        "Work_Hours_Per_Week": 0.6666123001423119
    },
    {
        "index": 66,
        "Access_To_Drinking_Water": "",
        "Country": "Jamaica",
        "Alcohol": "",
        "bmi": 0.9830842355972466,
        "CO2_emissions": 0.11141454469633273,
        "Fertilizer_Application": 0.5245775338928598,
        "Population": 0.9982975783178853,
        "Sugar": "",
        "Tobacco": "",
        "Urban_Majority": 0.9976400989473219,
        "Work_Hours_Per_Week": ""
    },
    {
        "index": 67,
        "Access_To_Drinking_Water": "",
        "Country": "Japan",
        "Alcohol": 0.05595433670927148,
        "bmi": "",
        "CO2_emissions": 0.4339475745768988,
        "Fertilizer_Application": 0.01805944529591087,
        "Population": 0.9166620117188304,
        "Sugar": 0.014073882424454523,
        "Tobacco": 0.3182914213544633,
        "Urban_Majority": 0.9890319382231315,
        "Work_Hours_Per_Week": ""
    },
    {
        "index": 68,
        "Access_To_Drinking_Water": "",
        "Country": "Jordan",
        "Alcohol": "",
        "bmi": 0.9609353280961405,
        "CO2_emissions": 0.8399789065288744,
        "Fertilizer_Application": 0.6862256922449802,
        "Population": 0.9848997206113829,
        "Sugar": "",
        "Tobacco": "",
        "Urban_Majority": 0.9791183931871398,
        "Work_Hours_Per_Week": ""
    },
    {
        "index": 69,
        "Access_To_Drinking_Water": 0.8689201867137971,
        "Country": "Kazakhstan",
        "Alcohol": "",
        "bmi": 0.9121861398747765,
        "CO2_emissions": "",
        "Fertilizer_Application": 0.5865366074019406,
        "Population": 0.4201327368354936,
        "Sugar": "",
        "Tobacco": "",
        "Urban_Majority": 0.7786600247458925,
        "Work_Hours_Per_Week": ""
    },
    {
        "index": 70,
        "Access_To_Drinking_Water": 0.979355779581823,
        "Country": "Kenya",
        "Alcohol": "",
        "bmi": 0.9636297487429434,
        "CO2_emissions": 0.3039989553887872,
        "Fertilizer_Application": 0.23504746449420744,
        "Population": 0.9998644734019821,
        "Sugar": "",
        "Tobacco": "",
        "Urban_Majority": 0.9953950042864989,
        "Work_Hours_Per_Week": ""
    },
    {
        "index": 71,
        "Access_To_Drinking_Water": 0.8381250687318869,
        "Country": "Kiribati",
        "Alcohol": "",
        "bmi": 0.9926251594189401,
        "CO2_emissions": "",
        "Fertilizer_Application": "",
        "Population": 0.998675987782197,
        "Sugar": "",
        "Tobacco": "",
        "Urban_Majority": 0.9808168699399517,
        "Work_Hours_Per_Week": ""
    },
    {
        "index": 72,
        "Access_To_Drinking_Water": "",
        "Country": "Kuwait",
        "Alcohol": "",
        "bmi": 0.9745523510224393,
        "CO2_emissions": 0.20543233370411446,
        "Fertilizer_Application": "",
        "Population": "",
        "Sugar": "",
        "Tobacco": "",
        "Urban_Majority": "",
        "Work_Hours_Per_Week": ""
    },
    {
        "index": 73,
        "Access_To_Drinking_Water": 0.8101893393365084,
        "Country": "Kyrgyzstan",
        "Alcohol": "",
        "bmi": 0.9859139553385932,
        "CO2_emissions": "",
        "Fertilizer_Application": 0.13372920897421145,
        "Population": "",
        "Sugar": "",
        "Tobacco": "",
        "Urban_Majority": "",
        "Work_Hours_Per_Week": ""
    },
    {
        "index": 74,
        "Access_To_Drinking_Water": "",
        "Country": "Latvia",
        "Alcohol": 0.007568520719240488,
        "bmi": 0.8920554233342403,
        "CO2_emissions": "",
        "Fertilizer_Application": 0.7786059223942056,
        "Population": 0.18004920726401757,
        "Sugar": "",
        "Tobacco": "",
        "Urban_Majority": 0.4345145448080504,
        "Work_Hours_Per_Week": ""
    },
    {
        "index": 75,
        "Access_To_Drinking_Water": 0.9961695251090088,
        "Country": "Lesotho",
        "Alcohol": "",
        "bmi": 0.8422982172085177,
        "CO2_emissions": "",
        "Fertilizer_Application": "",
        "Population": 0.6119506023371577,
        "Sugar": "",
        "Tobacco": "",
        "Urban_Majority": 0.9897666154538801,
        "Work_Hours_Per_Week": ""
    },
    {
        "index": 76,
        "Access_To_Drinking_Water": 0.9692962989689959,
        "Country": "Lithuania",
        "Alcohol": "",
        "bmi": "",
        "CO2_emissions": "",
        "Fertilizer_Application": 0.3012651384663294,
        "Population": 0.09298856999572497,
        "Sugar": "",
        "Tobacco": "",
        "Urban_Majority": 0.4541406701652427,
        "Work_Hours_Per_Week": ""
    },
    {
        "index": 77,
        "Access_To_Drinking_Water": "",
        "Country": "Luxembourg",
        "Alcohol": 0.507481818869411,
        "bmi": 0.8306750024112852,
        "CO2_emissions": 0.13774246176571492,
        "Fertilizer_Application": 0.3279606733861389,
        "Population": 0.9831492144985277,
        "Sugar": "",
        "Tobacco": "",
        "Urban_Majority": 0.9732788377298586,
        "Work_Hours_Per_Week": ""
    },
    {
        "index": 78,
        "Access_To_Drinking_Water": 0.9994516585440701,
        "Country": "Madagascar",
        "Alcohol": "",
        "bmi": 0.9134907311869692,
        "CO2_emissions": 0.3602881012170258,
        "Fertilizer_Application": 0.0898572183543862,
        "Population": 0.9999803530312086,
        "Sugar": "",
        "Tobacco": "",
        "Urban_Majority": 0.998397681219547,
        "Work_Hours_Per_Week": ""
    },
    {
        "index": 79,
        "Access_To_Drinking_Water": 0.9998420405601213,
        "Country": "Malawi",
        "Alcohol": "",
        "bmi": 0.9613478293319478,
        "CO2_emissions": "",
        "Fertilizer_Application": 0.055378962199432114,
        "Population": 0.9879728389893233,
        "Sugar": "",
        "Tobacco": "",
        "Urban_Majority": 0.9959593473847008,
        "Work_Hours_Per_Week": ""
    },
    {
        "index": 80,
        "Access_To_Drinking_Water": 0.9691449200007628,
        "Country": "Malaysia",
        "Alcohol": "",
        "bmi": 0.990567808056224,
        "CO2_emissions": "",
        "Fertilizer_Application": 0.05564326235117997,
        "Population": 0.9998149555909741,
        "Sugar": "",
        "Tobacco": "",
        "Urban_Majority": 0.9993802724100963,
        "Work_Hours_Per_Week": ""
    },
    {
        "index": 81,
        "Access_To_Drinking_Water": "",
        "Country": "Maldives",
        "Alcohol": "",
        "bmi": 0.9874964235524928,
        "CO2_emissions": "",
        "Fertilizer_Application": 0.8114365733263396,
        "Population": 0.9987647006531245,
        "Sugar": "",
        "Tobacco": "",
        "Urban_Majority": 0.8137220988751446,
        "Work_Hours_Per_Week": ""
    },
    {
        "index": 82,
        "Access_To_Drinking_Water": 0.9999075014325152,
        "Country": "Mali",
        "Alcohol": "",
        "bmi": 0.9653355407993973,
        "CO2_emissions": 0.4709111809782017,
        "Fertilizer_Application": "",
        "Population": 0.999313077344012,
        "Sugar": "",
        "Tobacco": "",
        "Urban_Majority": 0.9996453720034293,
        "Work_Hours_Per_Week": ""
    },
    {
        "index": 83,
        "Access_To_Drinking_Water": "",
        "Country": "Malta",
        "Alcohol": "",
        "bmi": "",
        "CO2_emissions": 0.3260597194231002,
        "Fertilizer_Application": 0.5312068199701079,
        "Population": 0.98398971098386,
        "Sugar": "",
        "Tobacco": "",
        "Urban_Majority": 0.6319631498836552,
        "Work_Hours_Per_Week": ""
    },
    {
        "index": 84,
        "Access_To_Drinking_Water": 0.8739352414354781,
        "Country": "Marshall Islands",
        "Alcohol": "",
        "bmi": 0.8476948438014517,
        "CO2_emissions": "",
        "Fertilizer_Application": "",
        "Population": "",
        "Sugar": "",
        "Tobacco": "",
        "Urban_Majority": 0.8002657306890516,
        "Work_Hours_Per_Week": ""
    },
    {
        "index": 85,
        "Access_To_Drinking_Water": 0.8855637912236359,
        "Country": "Mauritania",
        "Alcohol": "",
        "bmi": 0.9398981677105295,
        "CO2_emissions": 0.6417893745464947,
        "Fertilizer_Application": "",
        "Population": 0.9999520951259773,
        "Sugar": "",
        "Tobacco": "",
        "Urban_Majority": 0.6551187837116546,
        "Work_Hours_Per_Week": ""
    },
    {
        "index": 86,
        "Access_To_Drinking_Water": "",
        "Country": "Mauritius",
        "Alcohol": "",
        "bmi": 0.8564551109927453,
        "CO2_emissions": 0.5291653045965938,
        "Fertilizer_Application": 0.004846663514038063,
        "Population": 0.9896738373495907,
        "Sugar": "",
        "Tobacco": "",
        "Urban_Majority": 0.006047118102019265,
        "Work_Hours_Per_Week": ""
    },
    {
        "index": 87,
        "Access_To_Drinking_Water": 0.9716907519428786,
        "Country": "Mexico",
        "Alcohol": 0.03442214441208761,
        "bmi": 0.9591681314367533,
        "CO2_emissions": 0.3584241445893718,
        "Fertilizer_Application": 0.35955978617902234,
        "Population": 0.9998900727930677,
        "Sugar": 0.11673875331644512,
        "Tobacco": "",
        "Urban_Majority": 0.9996093141031998,
        "Work_Hours_Per_Week": ""
    },
    {
        "index": 88,
        "Access_To_Drinking_Water": 0.8041213678640526,
        "Country": "Mongolia",
        "Alcohol": "",
        "bmi": 0.9749146770106797,
        "CO2_emissions": 0.22939977862161764,
        "Fertilizer_Application": 0.3604109562450064,
        "Population": 0.9983598674083007,
        "Sugar": "",
        "Tobacco": "",
        "Urban_Majority": 0.7263633474314184,
        "Work_Hours_Per_Week": ""
    },
    {
        "index": 89,
        "Access_To_Drinking_Water": 0.9552011455007567,
        "Country": "Morocco",
        "Alcohol": "",
        "bmi": 0.9937789499745949,
        "CO2_emissions": 0.502691605967435,
        "Fertilizer_Application": 0.24764844932756971,
        "Population": 0.9997805064040625,
        "Sugar": "",
        "Tobacco": "",
        "Urban_Majority": 0.9986454678378155,
        "Work_Hours_Per_Week": ""
    },
    {
        "index": 90,
        "Access_To_Drinking_Water": 0.9188780503888273,
        "Country": "Mozambique",
        "Alcohol": "",
        "bmi": 0.9565702860765518,
        "CO2_emissions": 0.16137511053882989,
        "Fertilizer_Application": 0.40659542882546484,
        "Population": 0.9452301904833222,
        "Sugar": "",
        "Tobacco": "",
        "Urban_Majority": 0.99522672604541,
        "Work_Hours_Per_Week": ""
    },
    {
        "index": 91,
        "Access_To_Drinking_Water": 0.777861503544154,
        "Country": "Myanmar",
        "Alcohol": "",
        "bmi": 0.9418786593360501,
        "CO2_emissions": 0.35233689352674097,
        "Fertilizer_Application": 0.2824784653767134,
        "Population": 0.9991997714906053,
        "Sugar": "",
        "Tobacco": "",
        "Urban_Majority": 0.9871697000953019,
        "Work_Hours_Per_Week": ""
    },
    {
        "index": 92,
        "Access_To_Drinking_Water": 0.999159752756764,
        "Country": "Namibia",
        "Alcohol": "",
        "bmi": 0.9566766081913478,
        "CO2_emissions": "",
        "Fertilizer_Application": 0.06981280109528742,
        "Population": 0.9992550984730312,
        "Sugar": "",
        "Tobacco": "",
        "Urban_Majority": 0.9986690387510593,
        "Work_Hours_Per_Week": ""
    },
    {
        "index": 93,
        "Access_To_Drinking_Water": 0.9998248745890231,
        "Country": "Nepal",
        "Alcohol": "",
        "bmi": 0.9852499681171354,
        "CO2_emissions": 0.41995987279257396,
        "Fertilizer_Application": 0.5329785038665533,
        "Population": 0.9682312299924973,
        "Sugar": "",
        "Tobacco": "",
        "Urban_Majority": 0.9959149643504985,
        "Work_Hours_Per_Week": ""
    },
    {
        "index": 94,
        "Access_To_Drinking_Water": "",
        "Country": "Netherlands",
        "Alcohol": 0.40447023528207476,
        "bmi": 0.6747923469884308,
        "CO2_emissions": 0.40328610362446393,
        "Fertilizer_Application": 0.6229283534709702,
        "Population": 0.9927969338051975,
        "Sugar": 0.15281371054788678,
        "Tobacco": "",
        "Urban_Majority": 0.997429814253582,
        "Work_Hours_Per_Week": 0.8692204361715656
    },
    {
        "index": 95,
        "Access_To_Drinking_Water": "",
        "Country": "New Zealand",
        "Alcohol": 0.22495571079254856,
        "bmi": 0.9402381264222746,
        "CO2_emissions": 0.4831568676732726,
        "Fertilizer_Application": 0.10754735218648273,
        "Population": "",
        "Sugar": 0.019680505181214298,
        "Tobacco": 0.6536974166153878,
        "Urban_Majority": 0.8700598193590332,
        "Work_Hours_Per_Week": ""
    },
    {
        "index": 96,
        "Access_To_Drinking_Water": 0.9357973229098692,
        "Country": "Nicaragua",
        "Alcohol": "",
        "bmi": 0.9646212122083709,
        "CO2_emissions": 0.18372394123752633,
        "Fertilizer_Application": 0.3124994346639016,
        "Population": 0.9999137859268921,
        "Sugar": "",
        "Tobacco": "",
        "Urban_Majority": 0.9971832780808828,
        "Work_Hours_Per_Week": ""
    },
    {
        "index": 97,
        "Access_To_Drinking_Water": 0.9684242763814352,
        "Country": "Niger",
        "Alcohol": "",
        "bmi": 0.9328805542410138,
        "CO2_emissions": 0.47497881374576534,
        "Fertilizer_Application": 0.13964884712953957,
        "Population": 0.9999713556418073,
        "Sugar": "",
        "Tobacco": "",
        "Urban_Majority": 0.7378198775633263,
        "Work_Hours_Per_Week": ""
    },
    {
        "index": 98,
        "Access_To_Drinking_Water": 0.9994605836057529,
        "Country": "Nigeria",
        "Alcohol": "",
        "bmi": 0.8537403518122849,
        "CO2_emissions": 0.23216282556242532,
        "Fertilizer_Application": 0.4479118455036005,
        "Population": 0.9999493236818429,
        "Sugar": "",
        "Tobacco": "",
        "Urban_Majority": 0.9971289784422955,
        "Work_Hours_Per_Week": ""
    },
    {
        "index": 99,
        "Access_To_Drinking_Water": "",
        "Country": "Norway",
        "Alcohol": 0.319079043892718,
        "bmi": 0.8826036993016495,
        "CO2_emissions": 0.15366345289971553,
        "Fertilizer_Application": 0.7963951475698933,
        "Population": 0.994787840427517,
        "Sugar": 0.005554341596758153,
        "Tobacco": 0.2202487066566251,
        "Urban_Majority": 0.7441219536983514,
        "Work_Hours_Per_Week": ""
    },
    {
        "index": 100,
        "Access_To_Drinking_Water": 0.7558252412981861,
        "Country": "Oman",
        "Alcohol": "",
        "bmi": 0.9203775166984585,
        "CO2_emissions": "",
        "Fertilizer_Application": 0.5405046633324204,
        "Population": "",
        "Sugar": "",
        "Tobacco": "",
        "Urban_Majority": 0.7701701598667959,
        "Work_Hours_Per_Week": ""
    },
    {
        "index": 101,
        "Access_To_Drinking_Water": 0.9929574373142652,
        "Country": "Pakistan",
        "Alcohol": "",
        "bmi": 0.966067609871033,
        "CO2_emissions": 0.8055284897116153,
        "Fertilizer_Application": 0.18478327202162706,
        "Population": 0.9999226760772314,
        "Sugar": "",
        "Tobacco": "",
        "Urban_Majority": 0.9988028342154887,
        "Work_Hours_Per_Week": ""
    },
    {
        "index": 102,
        "Access_To_Drinking_Water": 0.9980807498582212,
        "Country": "Panama",
        "Alcohol": "",
        "bmi": 0.9617879837990805,
        "CO2_emissions": 0.019836628948887994,
        "Fertilizer_Application": 0.4469388947688783,
        "Population": 0.9999912463319489,
        "Sugar": "",
        "Tobacco": "",
        "Urban_Majority": 0.9969399932466734,
        "Work_Hours_Per_Week": ""
    },
    {
        "index": 103,
        "Access_To_Drinking_Water": 0.5760566280174895,
        "Country": "Papua New Guinea",
        "Alcohol": "",
        "bmi": 0.9934371882211676,
        "CO2_emissions": 0.6335958007551821,
        "Fertilizer_Application": 0.14386747400794753,
        "Population": 0.9998908689522935,
        "Sugar": "",
        "Tobacco": "",
        "Urban_Majority": 0.32263761578400024,
        "Work_Hours_Per_Week": ""
    },
    {
        "index": 104,
        "Access_To_Drinking_Water": 0.999767338048629,
        "Country": "Paraguay",
        "Alcohol": "",
        "bmi": 0.9956712189020789,
        "CO2_emissions": 0.5688385094419947,
        "Fertilizer_Application": 0.648768241634029,
        "Population": 0.999852691904642,
        "Sugar": "",
        "Tobacco": "",
        "Urban_Majority": 0.9975897284258437,
        "Work_Hours_Per_Week": ""
    },
    {
        "index": 105,
        "Access_To_Drinking_Water": 0.9982863087992286,
        "Country": "Peru",
        "Alcohol": "",
        "bmi": 0.9717108957530678,
        "CO2_emissions": 0.27541665726338194,
        "Fertilizer_Application": 0.46402717049230774,
        "Population": 0.9965508323329769,
        "Sugar": "",
        "Tobacco": "",
        "Urban_Majority": 0.9984208569226543,
        "Work_Hours_Per_Week": ""
    },
    {
        "index": 106,
        "Access_To_Drinking_Water": 0.9978629447364818,
        "Country": "Philippines",
        "Alcohol": "",
        "bmi": 0.9421033696011238,
        "CO2_emissions": 0.5377685740980886,
        "Fertilizer_Application": 0.22598558483113138,
        "Population": 0.999742327150957,
        "Sugar": "",
        "Tobacco": "",
        "Urban_Majority": 0.3773660107878333,
        "Work_Hours_Per_Week": ""
    },
    {
        "index": 107,
        "Access_To_Drinking_Water": 0.9409686921944828,
        "Country": "Poland",
        "Alcohol": 0.020762624602791314,
        "bmi": "",
        "CO2_emissions": 0.23779391777081418,
        "Fertilizer_Application": 0.659300119116705,
        "Population": 0.3009689874215884,
        "Sugar": 0.2659094483504439,
        "Tobacco": "",
        "Urban_Majority": 0.7120310145548843,
        "Work_Hours_Per_Week": ""
    },
    {
        "index": 108,
        "Access_To_Drinking_Water": 0.8844397438472416,
        "Country": "Portugal",
        "Alcohol": 0.1421787945107504,
        "bmi": "",
        "CO2_emissions": 0.7270673970882657,
        "Fertilizer_Application": 0.4193918509783271,
        "Population": 0.6643033075330891,
        "Sugar": 0.21257465839420617,
        "Tobacco": "",
        "Urban_Majority": 0.9997122742500855,
        "Work_Hours_Per_Week": ""
    },
    {
        "index": 109,
        "Access_To_Drinking_Water": 0.8847628076936793,
        "Country": "Romania",
        "Alcohol": "",
        "bmi": 0.9615791209895427,
        "CO2_emissions": 0.26034151965463315,
        "Fertilizer_Application": 0.1213401440804697,
        "Population": 0.16812667482382038,
        "Sugar": "",
        "Tobacco": "",
        "Urban_Majority": 0.5859515239713619,
        "Work_Hours_Per_Week": ""
    },
    {
        "index": 110,
        "Access_To_Drinking_Water": 0.9992203084888966,
        "Country": "Rwanda",
        "Alcohol": "",
        "bmi": 0.9596472211749151,
        "CO2_emissions": 0.26961165864395525,
        "Fertilizer_Application": "",
        "Population": 0.6828106868863877,
        "Sugar": "",
        "Tobacco": "",
        "Urban_Majority": 0.9588192083527013,
        "Work_Hours_Per_Week": ""
    },
    {
        "index": 111,
        "Access_To_Drinking_Water": "",
        "Country": "Saint Kitts and Nevis",
        "Alcohol": "",
        "bmi": 0.9834625284672402,
        "CO2_emissions": "",
        "Fertilizer_Application": "",
        "Population": "",
        "Sugar": "",
        "Tobacco": "",
        "Urban_Majority": 0.0029998244855170266,
        "Work_Hours_Per_Week": ""
    },
    {
        "index": 112,
        "Access_To_Drinking_Water": 0.9454145824620661,
        "Country": "Saint Lucia",
        "Alcohol": "",
        "bmi": 0.990334764258932,
        "CO2_emissions": "",
        "Fertilizer_Application": "",
        "Population": "",
        "Sugar": "",
        "Tobacco": "",
        "Urban_Majority": 0.36208734190628405,
        "Work_Hours_Per_Week": ""
    },
    {
        "index": 113,
        "Access_To_Drinking_Water": "",
        "Country": "Saint Vincent and the Grenadines",
        "Alcohol": "",
        "bmi": 0.9951061032351067,
        "CO2_emissions": "",
        "Fertilizer_Application": "",
        "Population": "",
        "Sugar": "",
        "Tobacco": "",
        "Urban_Majority": 0.9996935377443615,
        "Work_Hours_Per_Week": ""
    },
    {
        "index": 114,
        "Access_To_Drinking_Water": 0.8890003938920276,
        "Country": "Samoa",
        "Alcohol": "",
        "bmi": 0.9873375489891888,
        "CO2_emissions": 0.3356399298262907,
        "Fertilizer_Application": 0.023528828526117346,
        "Population": 0.9898821023080844,
        "Sugar": "",
        "Tobacco": "",
        "Urban_Majority": "",
        "Work_Hours_Per_Week": ""
    },
    {
        "index": 115,
        "Access_To_Drinking_Water": "",
        "Country": "Saudi Arabia",
        "Alcohol": "",
        "bmi": 0.9415753421426334,
        "CO2_emissions": 0.43676322862130623,
        "Fertilizer_Application": 0.13343554829514725,
        "Population": "",
        "Sugar": "",
        "Tobacco": "",
        "Urban_Majority": 0.9982152686914919,
        "Work_Hours_Per_Week": ""
    },
    {
        "index": 116,
        "Access_To_Drinking_Water": 0.9994479337332264,
        "Country": "Senegal",
        "Alcohol": "",
        "bmi": 0.8793280601432707,
        "CO2_emissions": 0.2988732913683023,
        "Fertilizer_Application": 0.37854274158262896,
        "Population": 0.999871164047712,
        "Sugar": "",
        "Tobacco": "",
        "Urban_Majority": 0.9972335934941418,
        "Work_Hours_Per_Week": ""
    },
    {
        "index": 117,
        "Access_To_Drinking_Water": "",
        "Country": "Serbia",
        "Alcohol": "",
        "bmi": 0.8673304608394193,
        "CO2_emissions": "",
        "Fertilizer_Application": "",
        "Population": "",
        "Sugar": "",
        "Tobacco": "",
        "Urban_Majority": 0.9965267419778603,
        "Work_Hours_Per_Week": ""
    },
    {
        "index": 118,
        "Access_To_Drinking_Water": "",
        "Country": "Seychelles",
        "Alcohol": "",
        "bmi": 0.9657247753416679,
        "CO2_emissions": "",
        "Fertilizer_Application": "",
        "Population": 0.8932144201951049,
        "Sugar": "",
        "Tobacco": "",
        "Urban_Majority": 0.6682860513175044,
        "Work_Hours_Per_Week": ""
    },
    {
        "index": 119,
        "Access_To_Drinking_Water": 0.9997026249805915,
        "Country": "Sierra Leone",
        "Alcohol": "",
        "bmi": 0.8521748241012227,
        "CO2_emissions": 0.05636484692395361,
        "Fertilizer_Application": "",
        "Population": 0.8035459866792533,
        "Sugar": "",
        "Tobacco": "",
        "Urban_Majority": 0.9988213869103055,
        "Work_Hours_Per_Week": ""
    },
    {
        "index": 120,
        "Access_To_Drinking_Water": "",
        "Country": "Singapore",
        "Alcohol": "",
        "bmi": "",
        "CO2_emissions": 0.04289793322107667,
        "Fertilizer_Application": 0.39033962273191436,
        "Population": "",
        "Sugar": "",
        "Tobacco": "",
        "Urban_Majority": "",
        "Work_Hours_Per_Week": ""
    },
    {
        "index": 121,
        "Access_To_Drinking_Water": "",
        "Country": "Slovakia",
        "Alcohol": "",
        "bmi": 0.8378301874424726,
        "CO2_emissions": "",
        "Fertilizer_Application": 0.7036924940328652,
        "Population": "",
        "Sugar": "",
        "Tobacco": "",
        "Urban_Majority": 0.3923660033588062,
        "Work_Hours_Per_Week": ""
    },
    {
        "index": 122,
        "Access_To_Drinking_Water": "",
        "Country": "Slovenia",
        "Alcohol": "",
        "bmi": 0.9450497104807902,
        "CO2_emissions": "",
        "Fertilizer_Application": 0.6053425937846126,
        "Population": 0.5365265226408418,
        "Sugar": "",
        "Tobacco": "",
        "Urban_Majority": 0.9885329377824434,
        "Work_Hours_Per_Week": ""
    },
    {
        "index": 123,
        "Access_To_Drinking_Water": 0.9907063272176881,
        "Country": "South Africa",
        "Alcohol": "",
        "bmi": 0.923282291212262,
        "CO2_emissions": 0.3140973716010878,
        "Fertilizer_Application": 0.060088897105921635,
        "Population": 0.9995387209649121,
        "Sugar": "",
        "Tobacco": "",
        "Urban_Majority": 0.9953012460401323,
        "Work_Hours_Per_Week": ""
    },
    {
        "index": 124,
        "Access_To_Drinking_Water": "",
        "Country": "Spain",
        "Alcohol": 0.39362359008895964,
        "bmi": "",
        "CO2_emissions": 0.5980989860037084,
        "Fertilizer_Application": 0.5488096729757398,
        "Population": 0.864700214803547,
        "Sugar": 0.3640699043704759,
        "Tobacco": "",
        "Urban_Majority": 0.9959619055299666,
        "Work_Hours_Per_Week": 0.921552817104995
    },
    {
        "index": 125,
        "Access_To_Drinking_Water": 0.9691332538438853,
        "Country": "Sri Lanka",
        "Alcohol": "",
        "bmi": 0.9837769434987481,
        "CO2_emissions": 0.3922931948501995,
        "Fertilizer_Application": 0.17561729647953178,
        "Population": 0.998101406916336,
        "Sugar": "",
        "Tobacco": "",
        "Urban_Majority": 0.03906065177522029,
        "Work_Hours_Per_Week": ""
    },
    {
        "index": 126,
        "Access_To_Drinking_Water": "",
        "Country": "Sweden",
        "Alcohol": 0.015516480518052943,
        "bmi": 0.830888304562654,
        "CO2_emissions": 0.07896899666764469,
        "Fertilizer_Application": 0.34989237369357384,
        "Population": 0.9801630003353459,
        "Sugar": 0.005548879645682315,
        "Tobacco": "",
        "Urban_Majority": "",
        "Work_Hours_Per_Week": 0.8595464699252191
    },
    {
        "index": 127,
        "Access_To_Drinking_Water": "",
        "Country": "Switzerland",
        "Alcohol": 0.765772936272121,
        "bmi": "",
        "CO2_emissions": 0.040777566326953424,
        "Fertilizer_Application": 0.7050501314755095,
        "Population": 0.8604750369264234,
        "Sugar": 0.20596945891448246,
        "Tobacco": "",
        "Urban_Majority": 0.28361924569787855,
        "Work_Hours_Per_Week": 0.8916037834056785
    },
    {
        "index": 128,
        "Access_To_Drinking_Water": 0.9662948420642921,
        "Country": "Thailand",
        "Alcohol": "",
        "bmi": 0.9909271172950349,
        "CO2_emissions": 0.8149137684563076,
        "Fertilizer_Application": 0.017740615233510393,
        "Population": 0.9991121765333101,
        "Sugar": "",
        "Tobacco": "",
        "Urban_Majority": 0.992328296821611,
        "Work_Hours_Per_Week": ""
    },
    {
        "index": 129,
        "Access_To_Drinking_Water": 0.9994410704600771,
        "Country": "Togo",
        "Alcohol": "",
        "bmi": 0.9937893861866045,
        "CO2_emissions": 0.11975112595428299,
        "Fertilizer_Application": 0.05789137748574119,
        "Population": 0.9992044227066359,
        "Sugar": "",
        "Tobacco": "",
        "Urban_Majority": 0.997629171633822,
        "Work_Hours_Per_Week": ""
    },
    {
        "index": 130,
        "Access_To_Drinking_Water": "",
        "Country": "Tonga",
        "Alcohol": "",
        "bmi": 0.9534485694498038,
        "CO2_emissions": "",
        "Fertilizer_Application": 0.0975568435268875,
        "Population": 0.857407650383366,
        "Sugar": "",
        "Tobacco": "",
        "Urban_Majority": 0.9861447657922081,
        "Work_Hours_Per_Week": ""
    },
    {
        "index": 131,
        "Access_To_Drinking_Water": "",
        "Country": "Trinidad and Tobago",
        "Alcohol": "",
        "bmi": 0.9894841902623944,
        "CO2_emissions": 0.2763617882587206,
        "Fertilizer_Application": 0.1232453402989957,
        "Population": 0.9950976930075394,
        "Sugar": "",
        "Tobacco": "",
        "Urban_Majority": 0.6578491064073344,
        "Work_Hours_Per_Week": ""
    },
    {
        "index": 132,
        "Access_To_Drinking_Water": 0.9622842910484708,
        "Country": "Tunisia",
        "Alcohol": "",
        "bmi": 0.9630547119998148,
        "CO2_emissions": 0.5584438251401771,
        "Fertilizer_Application": 0.14949455608791523,
        "Population": 0.9989171079540398,
        "Sugar": "",
        "Tobacco": "",
        "Urban_Majority": 0.9985514019406893,
        "Work_Hours_Per_Week": ""
    },
    {
        "index": 133,
        "Access_To_Drinking_Water": 0.9465725820513693,
        "Country": "Turkey",
        "Alcohol": 0.04957350130119015,
        "bmi": 0.9592178165034259,
        "CO2_emissions": 0.76840509127987,
        "Fertilizer_Application": 0.6183052717463814,
        "Population": 0.9997715476075362,
        "Sugar": 0.16368446058027095,
        "Tobacco": 0.09942435957938267,
        "Urban_Majority": 0.9965098640528265,
        "Work_Hours_Per_Week": ""
    },
    {
        "index": 134,
        "Access_To_Drinking_Water": 0.9731123278315611,
        "Country": "Uganda",
        "Alcohol": "",
        "bmi": 0.9871121394588722,
        "CO2_emissions": 0.30928433672657674,
        "Fertilizer_Application": 0.4851856502372054,
        "Population": 0.9998411801069672,
        "Sugar": "",
        "Tobacco": "",
        "Urban_Majority": 0.9965669206241815,
        "Work_Hours_Per_Week": ""
    },
    {
        "index": 135,
        "Access_To_Drinking_Water": "",
        "Country": "United Arab Emirates",
        "Alcohol": "",
        "bmi": 0.9404996052958892,
        "CO2_emissions": 0.47218400006004546,
        "Fertilizer_Application": 0.00786525360206862,
        "Population": "",
        "Sugar": "",
        "Tobacco": "",
        "Urban_Majority": "",
        "Work_Hours_Per_Week": ""
    },
    {
        "index": 136,
        "Access_To_Drinking_Water": "",
        "Country": "United Kingdom",
        "Alcohol": 0.3013173194868606,
        "bmi": "",
        "CO2_emissions": 0.05061336040385837,
        "Fertilizer_Application": 0.24326423916136586,
        "Population": 0.8858388549723845,
        "Sugar": 0.08727631408628361,
        "Tobacco": 0.5185021226377616,
        "Urban_Majority": 0.018418871076618534,
        "Work_Hours_Per_Week": 0.584123903741884
    },
    {
        "index": 137,
        "Access_To_Drinking_Water": 0.7881421641559583,
        "Country": "United States",
        "Alcohol": 0.12524490975632863,
        "bmi": "",
        "CO2_emissions": 0.36440771062545046,
        "Fertilizer_Application": 0.670854830157307,
        "Population": 0.9987354969128817,
        "Sugar": 0.47314257618746747,
        "Tobacco": 0.6691489206044086,
        "Urban_Majority": 0.9864836596020169,
        "Work_Hours_Per_Week": 0.35208468631592343
    },
    {
        "index": 138,
        "Access_To_Drinking_Water": 0.973270989319687,
        "Country": "Uruguay",
        "Alcohol": "",
        "bmi": 0.9586710085017729,
        "CO2_emissions": 0.005639279339031977,
        "Fertilizer_Application": 0.5590830677404712,
        "Population": 0.8621219455756234,
        "Sugar": "",
        "Tobacco": "",
        "Urban_Majority": 0.9987632517578604,
        "Work_Hours_Per_Week": ""
    },
    {
        "index": 139,
        "Access_To_Drinking_Water": 0.9999148151909504,
        "Country": "Vanuatu",
        "Alcohol": "",
        "bmi": 0.9202278249094036,
        "CO2_emissions": "",
        "Fertilizer_Application": "",
        "Population": 0.9993688656875354,
        "Sugar": "",
        "Tobacco": "",
        "Urban_Majority": 0.9988744114919347,
        "Work_Hours_Per_Week": ""
    },
    {
        "index": 140,
        "Access_To_Drinking_Water": 0.9966704129024314,
        "Country": "Zambia",
        "Alcohol": "",
        "bmi": 0.9320594090029718,
        "CO2_emissions": "",
        "Fertilizer_Application": 0.15195955613465806,
        "Population": 0.9998704660949369,
        "Sugar": "",
        "Tobacco": "",
        "Urban_Majority": 0.35091190328250715,
        "Work_Hours_Per_Week": ""
    },
    {
        "index": 141,
        "Access_To_Drinking_Water": "",
        "Country": "Zimbabwe",
        "Alcohol": "",
        "bmi": 0.8019525217753612,
        "CO2_emissions": "",
        "Fertilizer_Application": 0.6658380836696348,
        "Population": 0.9952063982605023,
        "Sugar": "",
        "Tobacco": "",
        "Urban_Majority": 0.7476566518396187,
        "Work_Hours_Per_Week": ""
    }
]